[
      {
        "antragID": 69,
        "status": "angenommen",
        "beschreibung": "lorem1",
        "erstellDatum": "string",
        "antragsteller": "string",
        "antragsteller_tel": "string",
        "angebotsnummer": "string",
        "angebotDatum": "string",
        "studiengang": "string",
        "kostenstelle": "string",
        "kostentraeger": "string",
        "kostenart": "string",
        "menge": "string",
        "einheit": "string",
        "gegenstand": "string",
        "preis": "string",
        "gesamtpreis": "string",
        "summe": "string",
        "versandkosten": "string",
        "rabatt": "string",
        "mwst": "string",
        "brutto": "string",
        "skonto": "string",
        "endsumme": "string",
        "signatur": "string",
        "studienzuschuss": "string",
        "inventar": "string",
        "kuenstlersozialabgabe": "string",
        "software": "string"
      }, {
        "antragID": 444,
        "status": "ausstehend",
        "beschreibung": "lorem2",
        "erstellDatum": "string",
        "antragsteller": "string",
        "antragsteller_tel": "string",
        "angebotsnummer": "string",
        "angebotDatum": "string",
        "studiengang": "string",
        "kostenstelle": "string",
        "kostentraeger": "string",
        "kostenart": "string",
        "menge": "string",
        "einheit": "string",
        "gegenstand": "string",
        "preis": "string",
        "gesamtpreis": "string",
        "summe": "string",
        "versandkosten": "string",
        "rabatt": "string",
        "mwst": "string",
        "brutto": "string",
        "skonto": "string",
        "endsumme": "string",
        "signatur": "string",
        "studienzuschuss": "string",
        "inventar": "string",
        "kuenstlersozialabgabe": "string",
        "software": "string"
      }, {
        "antragID": 4711,
        "beschreibung": "lorem3",
        "status": "abgelehnt",
        "erstellDatum": "string",
        "antragsteller": "string",
        "antragsteller_tel": "string",
        "angebotsnummer": "string",
        "angebotDatum": "string",
        "studiengang": "string",
        "kostenstelle": "string",
        "kostentraeger": "string",
        "kostenart": "string",
        "menge": "string",
        "einheit": "string",
        "gegenstand": "string",
        "preis": "string",
        "gesamtpreis": "string",
        "summe": "string",
        "versandkosten": "string",
        "rabatt": "string",
        "mwst": "string",
        "brutto": "string",
        "skonto": "string",
        "endsumme": "string",
        "signatur": "string",
        "studienzuschuss": "string",
        "inventar": "string",
        "kuenstlersozialabgabe": "string",
        "software": "string"
      }
    ]